{
	"id": "googootkah",
	"name": "googootkah",
	"layouts": {
		"default_layer": {
			"name": "default_layer",
			"layout": [
				{ "row": 0, "col":  0, "x":  0, "y": 0 },
				{ "row": 0, "col":  1, "x":  1, "y": 0 },
				{ "row": 0, "col":  2, "x":  2, "y": 0 },
				{ "row": 0, "col":  3, "x":  3, "y": 0 },
				{ "row": 0, "col":  4, "x":  4, "y": 0 },
				{ "row": 1, "col":  0, "x":  0, "y": 1 },
				{ "row": 1, "col":  1, "x":  1, "y": 1 },
				{ "row": 1, "col":  2, "x":  2, "y": 1 },
				{ "row": 1, "col":  3, "x":  3, "y": 1 },
				{ "row": 1, "col":  4, "x":  4, "y": 1 },
				{ "row": 2, "col":  0, "x":  0, "y": 2 },
				{ "row": 2, "col":  1, "x":  1, "y": 2 },
				{ "row": 2, "col":  3, "x":  3, "y": 2 }
			]
		},
		"bt_layer": {
			"name": "bt_layer",
			"layout": [
				{ "row": 0, "col":  0, "x":  0, "y": 0 },
				{ "row": 0, "col":  1, "x":  1, "y": 0 },
				{ "row": 0, "col":  2, "x":  2, "y": 0 },
				{ "row": 0, "col":  3, "x":  3, "y": 0 },
				{ "row": 0, "col":  4, "x":  4, "y": 0 },
				{ "row": 1, "col":  0, "x":  0, "y": 1 },
				{ "row": 1, "col":  1, "x":  1, "y": 1 },
				{ "row": 1, "col":  2, "x":  2, "y": 1 },
				{ "row": 1, "col":  3, "x":  3, "y": 1 },
				{ "row": 1, "col":  4, "x":  4, "y": 1 },
				{ "row": 2, "col":  0, "x":  0, "y": 2 },
				{ "row": 2, "col":  1, "x":  1, "y": 2 },
				{ "row": 2, "col":  3, "x":  3, "y": 2 }
			]
		}
	},
	"sensors": [
		{
			"ref":  "encoder",
			"name":  "ENCODER",
			"identifier":  "encoder",
			"compatible": "alps,ec11",
			"enabled": true
		}
	]
} 